Twitter Account,Tweet,Tweet Date,Signal Generation Date,Signal Message,Token Mentioned,Token ID,Price at Tweet,Current Price,TP1,TP2,SL,Exit Price,P&L
CryptoGemRnld,https://x.com/CryptoGemRnld/status/1901959279596454300,2025-03-18T11:30:03.000Z,2025-03-19T10:47:45.868Z,Hold,TRISIG,tri-sigma,0.004095915681,0.003678402657,0.004,0.0043,0.0034,N/A,N/A
CryptoGemRnld,https://x.com/CryptoGemRnld/status/1901959279596454300,2025-03-18T11:30:03.000Z,2025-03-19T10:47:57.613Z,Buy,FTON,fanton-token,0.0008108075034,0.0008621439452,0.00095,0.001,0.00075,0.0008943522756,10.30%
CryptoGemRnld,https://x.com/CryptoGemRnld/status/1901998950846251429,2025-03-18T14:07:41.000Z,2025-03-19T10:48:11.282Z,Buy,MEMEFI,memefi-2,0.0009856507013,0.001067781632,0.001228,0.001388,0.001,N/A,N/A
CryptoGemRnld,https://x.com/CryptoGemRnld/status/1901998950846251429,2025-03-18T14:07:41.000Z,2025-03-19T10:48:24.666Z,Buy,PGC,piggypiggycoin,0.0001905442238,0.0002068343658,0.00025,0.0003,0.000185,0.0002085076873,9.43%
CryptoSlate,https://x.com/CryptoSlate/status/1902303377767460870,2025-03-19T10:17:23.000Z,2025-03-19T10:49:06.616Z,Buy,BTC,bitcoin,82780.03049,82780.03049,84205,88065,79205,84270.84359,1.80%
holdersignals,https://x.com/holdersignals/status/1897733278452666835,2025-03-06T19:37:26.000Z,2025-03-19T10:49:39.199Z,Buy,CHEEMS,cheems-token,8.72E-07,0.000001380000232,0.00000153,0.00000168,0.00000129,N/A,N/A
holdersignals,https://x.com/holdersignals/status/1898468240210182145,2025-03-08T20:17:54.000Z,2025-03-19T10:49:54.902Z,Buy,DEGO,dego-finance,2.027616765,1.930381439,2.05,2.15,1.85,2.083131299,2.74%
holdersignals,https://x.com/holdersignals/status/1898468240210182145,2025-03-08T20:17:54.000Z,2025-03-19T10:50:08.452Z,Hold,ERN,ethernity-chain,2.113406547,1.458000115,1.7,1.85,1.3,N/A,N/A
holdersignals,https://x.com/holdersignals/status/1898468240210182145,2025-03-08T20:17:54.000Z,2025-03-19T10:50:23.812Z,Buy,SLF,self-chain,0.2421764267,0.2596864508,0.27,0.28,0.24,0.24,-0.90%
holdersignals,https://x.com/holdersignals/status/1898466567286874176,2025-03-08T20:11:16.000Z,2025-03-19T10:50:34.329Z,Buy,SLF,self-chain,0.2421764267,0.2596864508,0.285,0.298,0.246,N/A,N/A
holdersignals,https://x.com/holdersignals/status/1898191346768241000,2025-03-08T01:57:38.000Z,2025-03-19T10:50:45.767Z,Hold,CHEEMS,cheems,0.0001512755898,0.0001489929534,0.00015128,0.000155,0.000145,0.0001457062055,-3.68%
holdersignals,https://x.com/holdersignals/status/1902126615578210646,2025-03-18T22:34:59.000Z,2025-03-19T10:50:57.192Z,Buy,SUNDOG,sundog,0.06382241589,0.06382241589,0.0702,0.077,0.0574,0.0574,-10.06%
holdersignals,https://x.com/holdersignals/status/1901773083234750734,2025-03-17T23:10:10.000Z,2025-03-19T10:51:07.082Z,Buy,SUNDOG,sundog,0.05554042645,0.06382241589,0.07,0.08,0.05,0.05864815362,5.60%
CryptoDona7,https://x.com/CryptoDona7/status/1898009672998629454,2025-03-07T13:55:44.000Z,2025-03-19T10:52:09.192Z,Buy,NAKA,nakamoto-games,0.416430025,0.402163546,0.44,0.47,0.38,0.38,-8.75%
CryptoDona7,https://x.com/CryptoDona7/status/1898008295903756416,2025-03-07T13:50:15.000Z,2025-03-19T10:52:22.150Z,Hold,CPOOL,clearpool,0.1545646485,0.1369547955,0.1545,0.1743,0.1201,N/A,N/A
CryptoDona7,https://x.com/CryptoDona7/status/1898004902028136546,2025-03-07T13:36:46.000Z,2025-03-19T10:52:34.574Z,Buy,ETC,ethereum-classic,20.00355399,17.70462803,25,37.89,15,17.82290277,-10.90%
CryptoDona7,https://x.com/CryptoDona7/status/1901761154810102178,2025-03-17T22:22:46.000Z,2025-03-19T10:52:45.415Z,Sell,SOL,solana,128.2798095,125.3440601,160,170,175,N/A,N/A
fatpigsignals,https://x.com/fatpigsignals/status/1899529521528795473,2025-03-11T18:35:04.000Z,2025-03-19T10:53:19.545Z,Hold,BTC,bitcoin,82799.10803,82780.03049,84205,88065,79205,82610.6175,-0.23%
CryptoWizardd,https://x.com/CryptoWizardd/status/1898000464131613065,2025-03-07T13:19:08.000Z,2025-03-19T10:54:12.171Z,Buy,ZIG,zignaly,0.08839765312,0.08332613939,0.09,0.1,0.075,0.07943146216,-10.14%
CryptoWizardd,https://x.com/cryptocevo/status/1897987188765155395,2025-03-07T12:26:23.000Z,2025-03-19T10:54:22.300Z,Hold,ZIG,zignaly,0.08839765312,0.08332613939,0.0995,0.266,0.075,0.08388545004,-5.10%
CryptoWizardd,https://x.com/cryptostasher/status/1898429528072126789,2025-03-08T17:44:05.000Z,2025-03-19T10:54:32.497Z,Buy,ZIG,zignaly,0.09352475191,0.08332613939,0.0935,0.15,0.075,N/A,N/A
CryptoWizardd,https://x.com/CryptoWizardd/status/1898485768202371231,2025-03-08T21:27:33.000Z,2025-03-19T10:54:45.264Z,Sell,ETH,ethereum,2199.9995,1932.796406,1850,1800,2000,N/A,N/A
CryptoWizardd,https://x.com/CryptoWizardd/status/1898485768202371231,2025-03-08T21:27:33.000Z,2025-03-19T10:55:01.316Z,Buy,NPC,npc,0.00001530467838,0.00001530467838,0.00003,0.000045,0.00000765,0.00001523958521,-0.43%
CryptoWizardd,https://x.com/godinnesss/status/1898475838506778712,2025-03-08T20:48:06.000Z,2025-03-19T10:55:15.439Z,Buy,BTC,bitcoin,86142.98336,82780.03049,85000,88000,75000,N/A,N/A
CryptoWizardd,https://x.com/_CryptoSurf/status/1901954922771353915,2025-03-18T11:12:44.000Z,2025-03-19T10:55:35.069Z,Buy,DOGE,dogecoin,0.1736204187,0.16827611,0.175,0.185,0.155,0.1695621495,-2.34%
aixbt_agent,https://x.com/aixbt_agent/status/1898587051525865955,2025-03-09T04:10:01.000Z,2025-03-19T11:04:17.721Z,Buy,JTO,jito-governance-token,2.325254844,2.160010046,2.62,2.85,2,2.181252555,-6.19%
aixbt_agent,https://x.com/aixbt_agent/status/1898587052993864084,2025-03-09T04:10:02.000Z,2025-03-19T11:04:33.373Z,Hold,SOL,solana,136.8821064,125.3440601,130,140,115,N/A,N/A
CryptoReviewing,https://x.com/CryptoReviewing/status/1902305447433928909,2025-03-19T10:25:36.000Z,2025-03-19T11:05:15.329Z,Buy,LINK,chainlink,13.92861735,13.92861735,14.6,15,13.5,14.21427399,2.05%
CryptoReviewing,https://x.com/CryptoReviewing/status/1902040233257885955,2025-03-18T16:51:44.000Z,2025-03-19T11:05:32.067Z,Buy,RENDER,render-token,3.22554946,3.244836237,3.5,3.75,3,3.463520794,7.38%
CryptoReviewing,https://x.com/CryptoReviewing/status/1902040233257885955,2025-03-18T16:51:44.000Z,2025-03-19T11:05:44.053Z,Buy,INJ,injective-protocol,9.96870015,9.698166456,12.06,14.1,8.1,9.942313642,-0.26%
CryptoReviewing,https://x.com/CryptoReviewing/status/1902040233257885955,2025-03-18T16:51:44.000Z,2025-03-19T11:05:59.512Z,Buy,ONDO,ondo-finance,0.8596525846,0.8415565111,0.96,1.18,0.73,0.8472737562,-1.44%
CryptoReviewing,https://x.com/CryptoReviewing/status/1902040233257885955,2025-03-18T16:51:44.000Z,2025-03-19T11:06:10.797Z,Buy,QUBIC,qubic-network,0.000001312367148,0.000001242208747,0.00000135,0.00000145,0.0000011,0.0000011,-16.18%
CryptoReviewing,https://x.com/CryptoReviewing/status/1901975491680121013,2025-03-18T12:34:28.000Z,2025-03-19T11:06:21.946Z,Buy,KAS,kaspa,0.07565528121,0.07779846879,0.085,0.09,0.074,0.08014377432,5.93%
AltcoinSherpa,https://x.com/AltcoinSherpa/status/1898356764371730865,2025-03-08T12:54:57.000Z,2025-03-19T11:07:03.866Z,Buy,HYPE,hyperblast,0.004211425746,0.003775071284,0.0045,0.005,0.0034,0.003826753891,-9.13%
AltcoinSherpa,https://x.com/AltcoinSherpa/status/1898356764371730865,2025-03-08T12:54:57.000Z,2025-03-19T11:07:15.040Z,Buy,AAVE,aave,197.1110883,169.6477185,180,200,145,N/A,N/A
AltcoinSherpa,https://x.com/AltcoinSherpa/status/1898356764371730865,2025-03-08T12:54:57.000Z,2025-03-19T11:07:30.863Z,Buy,ENA,ethena,0.428084399,0.3684925062,0.4028,0.4415,0.345,N/A,N/A
AltcoinSherpa,https://x.com/AltcoinSherpa/status/1898356764371730865,2025-03-08T12:54:57.000Z,2025-03-19T11:07:47.410Z,Buy,MKR,maker,1304.343785,1277.992601,1350,1420,1213,1213,-7.00%
AltcoinSherpa,https://x.com/AltcoinSherpa/status/1902313784913391936,2025-03-19T10:58:44.000Z,2025-03-19T11:08:00.031Z,Buy,CAKE,pancakeswap-token,2.597573925,2.597573925,2.9,3.1,2.4,2.4,-7.61%
TheCryptoKazi,https://x.com/TheCryptoKazi/status/1898420064036008439,2025-03-08T17:06:28.000Z,2025-03-19T11:08:39.002Z,Buy,HASHAI,hashai,0.0003166372324,0.0002987176104,0.00035,0.0008,0.00025,0.00025,-21.05%
TheCryptoKazi,https://x.com/TheCryptoKazi/status/1898420064036008439,2025-03-08T17:06:28.000Z,2025-03-19T11:08:53.220Z,Buy,CAH,moon-tropica,2.60155945,3.180626357,3.5,3.8,2.85,N/A,N/A
TheCryptoKazi,https://x.com/TheCryptoKazi/status/1898056891579683244,2025-03-07T17:03:21.000Z,2025-03-19T11:09:04.602Z,Buy,ETH,ethereum,2202.320736,1932.796406,2100,2200,1800,N/A,N/A
dippy_eth,https://x.com/dippy_eth/status/1887125294521127160,2025-02-05T13:05:05.000Z,2025-03-19T11:09:43.715Z,Buy,LOCKIN,lock-in,0.01954050186,0.005162125713,0.007,0.01,0.004,N/A,N/A
dippy_eth,https://x.com/dippy_eth/status/1887125294521127160,2025-02-05T13:05:05.000Z,2025-03-19T11:09:59.477Z,Sell,NODE,nodez,0.0006055932292,0,0,0,,N/A,N/A
dippy_eth,https://x.com/dippy_eth/status/1887125294521127160,2025-02-05T13:05:05.000Z,2025-03-19T11:10:10.871Z,Buy,CPAL,chainpal,0.1815146657,0.1143825411,0.18,0.24,0.1,N/A,N/A
dippy_eth,https://x.com/dippy_eth/status/1887125294521127160,2025-02-05T13:05:05.000Z,2025-03-19T11:10:24.114Z,Buy,BERRY,berry,0.0002269473455,0.0001569622307,0.000235,0.000314,0.000125,0.0002181206737,-3.89%
dippy_eth,https://x.com/dippy_eth/status/1887125294521127160,2025-02-05T13:05:05.000Z,2025-03-19T11:10:41.993Z,Hold,HEDGE,hedgefi,0.0004242952929,0.0003378930073,0.000421,0.000506,0.00027,N/A,N/A
dippy_eth,https://x.com/dippy_eth/status/1902297729100816560,2025-03-19T09:54:56.000Z,2025-03-19T11:11:02.306Z,Buy,ALCH,alchemist-ai,0.0647612774,0.0647612774,0.08,0.2,0.055,0.055,-15.07%
Steve_Cryptoo,https://x.com/Steve_Cryptoo/status/1902046042645803455,2025-03-18T17:14:49.000Z,2025-03-19T11:12:01.587Z,Buy,LNQ,linqai,0.03203609392,0.03137818737,0.03539,0.03643,0.03,0.03280738225,2.41%
Steve_Cryptoo,https://x.com/rovercrc/status/1902043069727264982,2025-03-18T17:03:00.000Z,2025-03-19T11:12:14.017Z,Buy,BTC,bitcoin,84075.3656,82780.03049,84205,88065,79000,84270.84359,0.23%
Steve_Cryptoo,https://x.com/Steve_Cryptoo/status/1901920730666664009,2025-03-18T08:56:52.000Z,2025-03-19T11:12:29.181Z,Buy,ZIG,zignaly,0.08653930425,0.08332613939,0.089,0.096,0.079,0.08388545004,-3.07%
cryptoo_doctor,https://x.com/cryptoo_doctor/status/1902295532636164432,2025-03-19T09:46:12.000Z,2025-03-19T11:13:18.493Z,Hold,VELO,velo,0.01365506233,0.01365506233,0.015,0.017,0.0125,0.01302604322,-4.61%
cryptoo_doctor,https://x.com/cryptoo_doctor/status/1902295532636164432,2025-03-19T09:46:12.000Z,2025-03-19T11:13:29.414Z,Hold,XLM,stellar,0.2730796841,0.2730796841,0.28,0.3,0.23,0.2811779889,2.97%
Vader_AI_,https://x.com/Vader_AI_/status/1902077753949598176,2025-03-18T19:20:50.000Z,2025-03-19T11:13:54.488Z,Buy,VADER,vader-protocol,0.00001536159794,0.00001536159794,0.00001843,0.00001997,0.00001459,0.00001461973208,-4.83%
cryptostasher,https://x.com/cryptostasher/status/1898008977801125996,2025-03-07T13:52:58.000Z,2025-03-20T09:07:07.754Z,Buy,ZIG,zignaly,0.08839765312,0.08552368251,0.0898,0.1,0.079,0.07943146216,-10.14%
cryptostasher,https://x.com/cryptostasher/status/1898476135840715138,2025-03-08T20:49:17.000Z,2025-03-20T09:07:27.321Z,Hold,BTC,bitcoin,86773.33598,86815.44109,90000,95000,82000,82000,-5.50%
cryptostasher,https://x.com/cryptostasher/status/1898429528072126789,2025-03-08T17:44:05.000Z,2025-03-20T09:07:36.977Z,Buy,ZIG,zignaly,0.09352475191,0.08552368251,0.0935,0.11,0.08,N/A,N/A
cryptostasher,https://x.com/cryptostasher/status/1898189510145413521,2025-03-08T01:50:20.000Z,2025-03-20T09:07:46.288Z,Buy,BTC,bitcoin,86773.33598,86815.44109,88000,90000,82000,82000,-5.50%
cryptostasher,https://x.com/cryptostasher/status/1902284542167158968,2025-03-19T09:02:32.000Z,2025-03-20T09:08:05.542Z,Buy,ZIG,zignaly,0.08332613939,0.08552368251,0.094,0.0983,0.08,0.08388545004,0.67%
Cryptobullmaker,https://x.com/Cryptobullmaker/status/1898588132398027046,2025-03-09T04:14:19.000Z,2025-03-20T09:08:20.727Z,Buy,AST,astra-2,0.0004426217471,0.0004218320812,0.000464,0.000506,0.00038,0.0004828870907,9.10%
Cryptobullmaker,https://x.com/Cryptobullmaker/status/1898589002195927043,2025-03-09T04:17:46.000Z,2025-03-20T09:08:33.994Z,Buy,AST,astra-2,0.0004426217471,0.0004218320812,0.00046,0.0005,0.00035,0.0004828870907,9.10%
Cryptobullmaker,https://x.com/Cryptobullmaker/status/1898523560450412776,2025-03-08T23:57:44.000Z,2025-03-20T09:09:16.129Z,Buy,AST,astra-2,0.0004404115312,0.0004218320812,0.00045,0.0005,0.0004,0.0004828870907,9.64%
Cryptobullmaker,https://x.com/Cryptobullmaker/status/1898420861599965546,2025-03-08T17:09:39.000Z,2025-03-20T09:09:35.562Z,Buy,AST,airswap,0.04977073022,0.04733607592,0.05,0.055,0.043,0.043,-13.60%
Cryptobullmaker,https://x.com/Cryptobullmaker/status/1898420861599965546,2025-03-08T17:09:39.000Z,2025-03-20T09:09:49.947Z,Buy,PROS,prosper,0.5877242747,0.4747540029,0.5,0.55,0.45,N/A,N/A
Cryptobullmaker,https://x.com/Cryptobullmaker/status/1898342321181319520,2025-03-08T11:57:33.000Z,2025-03-20T09:09:59.537Z,Buy,AST,airswap,0.04977073022,0.04733607592,0.04977,0.05207,0.044,N/A,N/A
Cryptobullmaker,https://x.com/Cryptobullmaker/status/1898342321181319520,2025-03-08T11:57:33.000Z,2025-03-20T09:10:09.285Z,Hold,PROS,prosper,0.5877242747,0.4747540029,0.5,0.55,0.45,N/A,N/A
Cryptobullmaker,https://x.com/Cryptobullmaker/status/1902346240391549128,2025-03-19T13:07:42.000Z,2025-03-20T09:10:22.357Z,Buy,AST,airswap,0.04672361648,0.04733607592,0.0497,0.05207,0.04581,0.04581,-1.96%
Cryptobullmaker,https://x.com/Cryptobullmaker/status/1902346240391549128,2025-03-19T13:07:42.000Z,2025-03-20T09:10:34.387Z,Buy,VIDT,vidt-dao,0.01235007618,0.01238571676,0.0136,0.0152,0.0118,0.0146372231,18.52%
CryptoGemRnld,https://x.com/CryptoGemRnld/status/1898004492236603820,2025-03-07T13:35:08.000Z,2025-03-20T09:10:48.415Z,Buy,LNQ,linqai,0.0446294504,0.03331497871,0.035688343,0.036432911,0.028,N/A,N/A
CryptoGemRnld,https://x.com/CryptoGemRnld/status/1897988294547521689,2025-03-07T12:30:46.000Z,2025-03-20T09:11:00.265Z,Hold,BTC,bitcoin,90001.40088,86815.44109,88300,89500,84500,N/A,N/A
CryptoGemRnld,https://x.com/CryptoGemRnld/status/1897691548344820121,2025-03-06T16:51:37.000Z,2025-03-20T09:11:15.627Z,Buy,ZIG,zignaly,0.09090202561,0.08552368251,0.1265,0.1764,0.07,0.08388545004,-7.72%
CryptoGemRnld,https://x.com/CryptoGemRnld/status/1897664434518347820,2025-03-06T15:03:52.000Z,2025-03-20T09:11:28.358Z,Buy,VANRY,vanar-chain,0.03380977245,0.0301357199,0.035,0.04,0.025,0.025,-26.06%
CryptoGemRnld,https://x.com/CryptoGemRnld/status/1898400262714483084,2025-03-08T15:47:47.000Z,2025-03-20T09:11:39.804Z,Buy,NFP,nfprompt-token,0.09569035519,0.08821116968,0.095,0.1,0.075,N/A,N/A
CryptoGemRnld,https://x.com/nfprompt/status/1898354385476067652,2025-03-08T12:45:29.000Z,2025-03-20T09:11:58.652Z,Buy,NFP,nfprompt-token,0.09569035519,0.08821116968,0.095,0.1,0.08,N/A,N/A
CryptoGemRnld,https://x.com/CryptoGemRnld/status/1898121722395824173,2025-03-07T21:20:58.000Z,2025-03-20T09:12:10.708Z,Buy,TRISIG,tri-sigma,0.004222263058,0.004066028957,0.0061,0.0081,0.00366,0.00366,-13.32%
CryptoGemRnld,https://x.com/CryptoGemRnld/status/1898121722395824173,2025-03-07T21:20:58.000Z,2025-03-20T09:12:30.179Z,Buy,STNK,stonks-4,16.36440443,17.3984372,27,34.8,15,15,-8.34%
CryptoGemRnld,https://x.com/CryptoGemRnld/status/1902383795338420735,2025-03-19T15:36:56.000Z,2025-03-20T09:12:41.975Z,Buy,ZIG,zignaly,0.08332613939,0.08552368251,0.098,0.112,0.078,0.08388545004,0.67%
KAPOTHEGOAT01,https://x.com/KAPOTHEGOAT01/status/1902474484432753079,2025-03-19T21:37:18.000Z,2025-03-20T09:13:02.420Z,Buy,DEXTF,dextf,0.09863962717,0.1056142674,0.1215,0.132,0.095,0.1522751038,54.38%
holdersignals,https://x.com/holdersignals/status/1897733278452666835,2025-03-06T19:37:26.000Z,2025-03-20T09:13:20.449Z,Buy,CHEEMS,cheems-token,8.37E-07,0.000001376892024,0.00000168,0.00000185,0.00000121,N/A,N/A
holdersignals,https://x.com/holdersignals/status/1898468240210182145,2025-03-08T20:17:54.000Z,2025-03-20T09:13:33.239Z,Buy,DEGO,dego-finance,1.966486991,1.913698605,2.12,2.44,1.92,2.083131299,5.93%
holdersignals,https://x.com/holdersignals/status/1898468240210182145,2025-03-08T20:17:54.000Z,2025-03-20T09:13:50.245Z,Hold,ERN,ethernity-chain,1.887764064,1.432751741,1.5,1.65,1.35,N/A,N/A
holdersignals,https://x.com/holdersignals/status/1898468240210182145,2025-03-08T20:17:54.000Z,2025-03-20T09:14:01.858Z,Buy,SLF,self-chain,0.2201071427,0.2679408103,0.3,0.32,0.24,N/A,N/A
holdersignals,https://x.com/holdersignals/status/1898466567286874176,2025-03-08T20:11:16.000Z,2025-03-20T09:14:13.300Z,Buy,SLF,self-chain,0.2201071427,0.2679408103,0.3,0.35,0.24,N/A,N/A
holdersignals,https://x.com/holdersignals/status/1898191346768241000,2025-03-08T01:57:38.000Z,2025-03-20T09:14:27.468Z,Hold,CHEEMS,cheems,0.0001512755898,0.0001487786152,0.000151,0.000155,0.00014,N/A,N/A
holdersignals,https://x.com/holdersignals/status/1902616219217489936,2025-03-20T07:00:30.000Z,2025-03-20T09:14:41.938Z,Buy,MDT,measurable-data-token,0.02914494429,0.02914494429,0.035,0.04,0.027,0.02937428016,0.79%
holdersignals,https://x.com/holdersignals/status/1902633410017018120,2025-03-20T08:08:48.000Z,2025-03-20T09:14:50.393Z,Buy,SLF,self-chain,0.2679408103,0.2679408103,0.295,0.35,0.235,0.255321155,-4.71%
holdersignals,https://x.com/holdersignals/status/1902633410017018120,2025-03-20T08:08:48.000Z,2025-03-20T09:15:08.367Z,Buy,MDT,measurable-data-token,0.02914494429,0.02914494429,0.035,0.045,0.024,0.02937428016,0.79%
holdersignals,https://x.com/holdersignals/status/1902631279935508594,2025-03-20T08:00:20.000Z,2025-03-20T09:15:21.753Z,Buy,TUT,tutorial,0.0481427899,0.0481427899,0.05,0.06,0.04,0.04,-16.91%
holdersignals,https://x.com/holdersignals/status/1902618561928925658,2025-03-20T07:09:48.000Z,2025-03-20T09:15:36.142Z,Buy,SLF,self-chain,0.2679408103,0.2679408103,0.3,0.32,0.25,0.255321155,-4.71%
holdersignals,https://x.com/holdersignals/status/1902618561928925658,2025-03-20T07:09:48.000Z,2025-03-20T09:15:45.093Z,Buy,MDT,measurable-data-token,0.02914494429,0.02914494429,0.032,0.035,0.0277,0.02937428016,0.79%
CryptoDona7,https://x.com/CryptoDona7/status/1898009672998629454,2025-03-07T13:55:44.000Z,2025-03-20T09:16:27.801Z,Buy,NAKA,nakamoto-games,0.416430025,0.4149329847,0.5,0.6,0.37,0.37,-11.15%
CryptoDona7,https://x.com/CryptoDona7/status/1898008295903756416,2025-03-07T13:50:15.000Z,2025-03-20T09:16:45.034Z,Buy,CPOOL,clearpool,0.1545646485,0.1531514892,0.17,0.2,0.14,0.14,-9.42%
CryptoDona7,https://x.com/CryptoDona7/status/1898004902028136546,2025-03-07T13:36:46.000Z,2025-03-20T09:17:02.226Z,Buy,ETC,ethereum-classic,20.00355399,18.56492447,21.3,25,17,17,-15.02%
CryptoDona7,https://x.com/CryptoDona7/status/1902407689444950131,2025-03-19T17:11:52.000Z,2025-03-20T09:17:23.893Z,Buy,NAKA,nakachain,0,0,0.0002,0.0003,0.00005,N/A,N/A
CryptoDona7,https://x.com/CryptoDona7/status/1902407689444950131,2025-03-19T17:11:52.000Z,2025-03-20T09:17:41.279Z,Buy,NAKA,nakamoto-games,0.402163546,0.4149329847,0.428,0.445,0.389,0.3942817294,-1.96%
Johnbellopate,https://x.com/Johnbellopate/status/1902491420859974035,2025-03-19T22:44:35.000Z,2025-03-20T09:17:55.717Z,Buy,CPAL,chainpal,0.1143825411,0.1360674552,0.371673,10,0.1,0.1300226558,13.67%
CryptoWizardd,https://x.com/CryptoWizardd/status/1898000464131613065,2025-03-07T13:19:08.000Z,2025-03-20T09:18:09.125Z,Buy,ZIG,zignaly,0.08839765312,0.08552368251,0.0884,0.09,0.08,0.08,-9.50%
CryptoWizardd,https://x.com/cryptocevo/status/1897987188765155395,2025-03-07T12:26:23.000Z,2025-03-20T09:18:21.540Z,Buy,ZIG,zignaly,0.08839765312,0.08552368251,0.18,1,0.07,0.08388545004,-5.10%
CryptoWizardd,https://x.com/cryptostasher/status/1898429528072126789,2025-03-08T17:44:05.000Z,2025-03-20T09:18:31.296Z,Buy,ZIG,zignaly,0.09352475191,0.08552368251,0.12,0.17,0.075,0.08388545004,-10.31%
CryptoWizardd,https://x.com/CryptoWizardd/status/1898485768202371231,2025-03-08T21:27:33.000Z,2025-03-20T09:18:44.563Z,Hold,ETH,ethereum,2140.749809,2060.728601,2150,2240,1900,2017.26546,-5.77%
CryptoWizardd,https://x.com/CryptoWizardd/status/1898485768202371231,2025-03-08T21:27:33.000Z,2025-03-20T09:18:55.463Z,Buy,NPC,npc,0.00001603744884,0.00001603744884,0.000024,0.00003,0.000012,0.00001523958521,-4.98%
CryptoWizardd,https://x.com/godinnesss/status/1898475838506778712,2025-03-08T20:48:06.000Z,2025-03-20T09:19:09.253Z,Buy,BTC,bitcoin,86773.33598,86815.44109,90000,95000,82000,82000,-5.50%
CryptoWizardd,https://x.com/StonkChris/status/1902457033938362716,2025-03-19T20:27:57.000Z,2025-03-20T09:19:22.269Z,Buy,DOGE,dogecoin,0.16827611,0.1780034846,0.2,0.23,0.165,0.1722179325,2.34%
aixbt_agent,https://x.com/aixbt_agent/status/1898587051525865955,2025-03-09T04:10:01.000Z,2025-03-20T09:20:00.659Z,Hold,JTO,jito-governance-token,2.325254844,2.25703745,2.62,2.8,2.15,2.15,-7.54%
aixbt_agent,https://x.com/aixbt_agent/status/1898587052993864084,2025-03-09T04:10:02.000Z,2025-03-20T09:20:13.875Z,Buy,SOL,solana,136.8821064,135.6227617,138,140,130.5,130.5,-4.66%
aixbt_agent,https://x.com/aixbt_agent/status/1902633490077941914,2025-03-20T08:09:07.000Z,2025-03-20T09:20:24.050Z,Buy,BTC,bitcoin,86815.44109,86815.44109,89000,90000,84000,84000,-3.24%
CryptoReviewing,https://x.com/CryptoReviewing/status/1902432675798913123,2025-03-19T18:51:10.000Z,2025-03-20T09:20:38.474Z,Buy,ONDO,ondo-finance,0.8415565111,0.8853287214,0.96,1.05,0.73,0.8472737562,0.68%
CryptoReviewing,https://x.com/CryptoReviewing/status/1902395516857487796,2025-03-19T16:23:30.000Z,2025-03-20T09:20:51.356Z,Buy,XRP,ripple,2.289348461,2.552057249,3,3.5,2.3,N/A,N/A
CryptoReviewing,https://x.com/CryptoReviewing/status/1902389727925325982,2025-03-19T16:00:30.000Z,2025-03-20T09:21:03.573Z,Buy,QUBIC,qubic-network,0.000001242208747,0.000001262577727,0.000001388,0.000001515,0.0000011994,0.0000011994,-3.45%
CryptoReviewing,https://x.com/CryptoReviewing/status/1902389727925325982,2025-03-19T16:00:30.000Z,2025-03-20T09:21:13.670Z,Buy,XMR,monero,208.9343117,207.3230441,215.5,225.75,195,216.1440352,3.45%
AltcoinSherpa,https://x.com/AltcoinSherpa/status/1898356764371730865,2025-03-08T12:54:57.000Z,2025-03-20T09:21:37.100Z,Buy,HYPE,hyperblast,0.004211425746,0.004024804136,0.0048,0.0052,0.0038,0.0038,-9.77%
AltcoinSherpa,https://x.com/AltcoinSherpa/status/1898356764371730865,2025-03-08T12:54:57.000Z,2025-03-20T09:21:48.796Z,Buy,AAVE,aave,197.1110883,183.3170145,200,225,170,170,-13.75%
AltcoinSherpa,https://x.com/AltcoinSherpa/status/1898356764371730865,2025-03-08T12:54:57.000Z,2025-03-20T09:22:03.990Z,Buy,ENA,ethena,0.428084399,0.3943771356,0.4028,0.4836,0.35,N/A,N/A
AltcoinSherpa,https://x.com/AltcoinSherpa/status/1898356764371730865,2025-03-08T12:54:57.000Z,2025-03-20T09:22:21.029Z,Buy,MKR,maker,1304.343785,1294.582127,1400,1500,1200,1200,-8.00%
TheCryptoKazi,https://x.com/TheCryptoKazi/status/1902599960496927219,2025-03-20T05:55:53.000Z,2025-03-20T09:22:35.950Z,Buy,LENS,social-lens-ai,0,0,3.00E-07,4.50E-07,1.00E-07,N/A,N/A
TheCryptoKazi,https://x.com/TheCryptoKazi/status/1902573848714686519,2025-03-20T04:12:08.000Z,2025-03-20T09:22:48.392Z,Buy,LENS,social-lens-ai,0,0,0.000153283,0.000229925,0.000075001,N/A,N/A
TheCryptoKazi,https://x.com/TheCryptoKazi/status/1902573848714686519,2025-03-20T04:12:08.000Z,2025-03-20T09:23:05.184Z,Hold,AKA,she-rises,0.001553327375,0.001553327375,0.002,0.003,0.001,0.001522542941,-1.98%
dippy_eth,https://x.com/dippy_eth/status/1887125294521127160,2025-02-05T13:05:05.000Z,2025-03-20T09:23:19.212Z,Hold,LOCKIN,lock-in,0.01954050186,0.006127339054,0.00735,0.00858,0.00521,N/A,N/A
dippy_eth,https://x.com/dippy_eth/status/1887125294521127160,2025-02-05T13:05:05.000Z,2025-03-20T09:23:29.327Z,Hold,NODE,nodez,0.0006055932292,0,0,0,,N/A,N/A
dippy_eth,https://x.com/dippy_eth/status/1887125294521127160,2025-02-05T13:05:05.000Z,2025-03-20T09:23:38.781Z,Buy,CPAL,chainpal,0.1815146657,0.1360674552,0.1815,0.205,0.118,N/A,N/A
dippy_eth,https://x.com/dippy_eth/status/1887125294521127160,2025-02-05T13:05:05.000Z,2025-03-20T09:23:57.914Z,Buy,BERRY,berry,0.0002269473455,0.0001482753639,0.000222,0.000307,0.00012,N/A,N/A
dippy_eth,https://x.com/dippy_eth/status/1887125294521127160,2025-02-05T13:05:05.000Z,2025-03-20T09:24:09.705Z,Buy,HEDGE,hedgefi,0.0004242952929,0.0003408930607,0.000681786,0.001022679,0.000306804,0.000306804,-27.69%
dippy_eth,https://x.com/dippy_eth/status/1902492810735186085,2025-03-19T22:50:07.000Z,2025-03-20T09:24:22.297Z,Buy,ALCH,alchemist-ai,0.0647612774,0.06160147728,0.0748,0.11,0.059,0.059,-8.90%
Steve_Cryptoo,https://x.com/Steve_Cryptoo/status/1902394954883682609,2025-03-19T16:21:16.000Z,2025-03-20T09:24:37.461Z,Buy,ZIG,zignaly,0.08332613939,0.08552368251,0.09,0.095,0.075,0.08388545004,0.67%
Steve_Cryptoo,https://x.com/CryptoWizardd/status/1902382953449083183,2025-03-19T15:33:35.000Z,2025-03-20T09:24:45.020Z,Buy,NPC,npc,0.00001530467838,0.00001603744884,0.0000165,0.0000175,0.000015,0.000015,-1.99%
Steve_Cryptoo,https://x.com/Steve_Cryptoo/status/1902381082906902616,2025-03-19T15:26:09.000Z,2025-03-20T09:24:54.621Z,Hold,ASTRA,astraai,0.7687334631,0.719269129,0.768,0.815,0.68,N/A,N/A
BenjiGanar,https://x.com/BenjiGanar/status/1902374972560937228,2025-03-19T15:01:52.000Z,2025-03-20T09:25:05.806Z,Buy,KTA,keeta,0.1370741733,0.1457945427,0.160374,0.170663,0.1385,N/A,N/A
cryptoo_doctor,https://x.com/rovercrc/status/1902303841896267824,2025-03-19T10:19:13.000Z,2025-03-20T09:25:18.377Z,Hold,USDT,tether,0.9997951704,1.000251245,1.0005,1.001,0.9995,0.9995,-0.03%
cryptostasher,https://x.com/cryptostasher/status/1902669052092276789,2025-03-20T10:30:26.000Z,2025-03-20T15:00:15.225Z,Hold,ETH,ethereum,2060.728601,2060.728601,2200,2350,1800,2007.204543,-2.60%
CryptoGemRnld,https://x.com/CryptoGemRnld/status/1902658363609211328,2025-03-20T09:47:58.000Z,2025-03-20T15:00:33.848Z,Buy,FTON,fanton-token,0.0009601902129,0.0009601902129,0.00125,0.00154,0.00082,0.0009185261349,-4.34%
holdersignals,https://x.com/holdersignals/status/1902685342341202212,2025-03-20T11:35:10.000Z,2025-03-20T15:01:43.649Z,Buy,DSYNC,destra-network,0.1475259424,0.1475259424,0.18,0.2,0.13,0.1487250912,0.81%
holdersignals,https://x.com/holdersignals/status/1902677607113756717,2025-03-20T11:04:26.000Z,2025-03-20T15:01:56.118Z,Buy,JUV,juventus-fan-token,1.12050515,1.12050515,1.46,1.86,0.912,1.110530296,-0.89%
aixbt_agent,https://x.com/aixbt_agent/status/1902693979466166588,2025-03-20T12:09:29.000Z,2025-03-20T15:02:19.031Z,Buy,BNB,binancecoin,619.5659214,619.5659214,640,670,600,624.3390892,0.77%
aixbt_agent,https://x.com/aixbt_agent/status/1902693979466166588,2025-03-20T12:09:29.000Z,2025-03-20T15:02:28.238Z,Sell,SOL,solana,135.6227617,135.6227617,130,125,140,N/A,N/A
AltcoinSherpa,https://x.com/AltcoinSherpa/status/1902682198622318932,2025-03-20T11:22:40.000Z,2025-03-20T15:04:23.192Z,Hold,ARC,arcade-2,0.01106016379,0.01106016379,0.01161,0.01216,0.0105,N/A,N/A
dippy_eth,https://x.com/dippy_eth/status/1902680894751600918,2025-03-20T11:17:30.000Z,2025-03-20T15:04:37.660Z,Hold,NIMO,nimoai,0,0,0,0,,0.0001334849812,Infinity%
BenjiGanar,https://x.com/HIBTGlobal/status/1902599957699600443,2025-03-20T05:55:53.000Z,2025-03-20T15:04:55.949Z,Buy,VIRAL,viralmind,0.006877991347,0.006877991347,0.0075,0.008,0.0065,0.0065,-5.50%
cryptoo_doctor,https://x.com/Vivek4real_/status/1902681949715480860,2025-03-20T11:21:41.000Z,2025-03-20T15:05:56.325Z,Buy,BTC,bitcoin,86815.44109,86815.44109,91405,95605,77065,86074.25598,-0.85%
cryptoo_doctor,https://x.com/cryptoo_doctor/status/1902682529884262568,2025-03-20T11:23:59.000Z,2025-03-20T15:06:15.385Z,Buy,INJ,injective-protocol,10.26004066,10.26004066,12.5,14.8,9.25,9.942313642,-3.10%
AltcoinLevi,https://x.com/AltcoinLevi/status/1902379715274445126,2025-03-19T15:20:43.000Z,2025-03-20T15:06:54.178Z,Buy,XMW,morphware,0.06153099682,0.06660338191,0.1,0.15,0.05,0.06345617956,3.13%
AltcoinLevi,https://x.com/AltcoinLevi/status/1902398500140167295,2025-03-19T16:35:21.000Z,2025-03-20T15:07:11.302Z,Buy,NPC,npc,0.00001530467838,0.00001603744884,0.000018,0.00002,0.000015,0.000015,-1.99%
AltcoinLevi,https://x.com/AltcoinLevi/status/1902398500140167295,2025-03-19T16:35:21.000Z,2025-03-20T15:07:23.949Z,Buy,NPC,non-playable-coin,0.009394479715,0.01026707262,0.0123,0.0138,0.0087,0.01233247543,31.27%
CryptoSlate,https://x.com/CryptoSlate/status/1902910536020529614,2025-03-21T02:30:00.000Z,2025-03-21T06:00:17.881Z,Buy,BTC,bitcoin,84270.84359,84270.84359,87500,88500,75000,86074.25598,2.14%
holdersignals,https://x.com/holdersignals/status/1902738629572882571,2025-03-20T15:06:55.000Z,2025-03-21T06:00:34.557Z,Buy,AUCTION,auction,40.19993005,45.64267048,50,60,39.5,39.5,-1.74%
CryptoDona7,https://x.com/CryptoDona7/status/1902768299244499249,2025-03-20T17:04:48.000Z,2025-03-21T06:00:48.337Z,Hold,VIRAL,viralmind,0.006877991347,0.005806863022,0.0068,0.0075,0.0052,N/A,N/A
CryptoDona7,https://x.com/CryptoDona7/status/1902744509164728810,2025-03-20T15:30:16.000Z,2025-03-21T06:00:59.935Z,Sell,PAAL,paal-ai,0.1113373803,0.1118384315,0.1,0.05,0.12,N/A,N/A
CryptoDona7,https://x.com/CryptoDona7/status/1902726277439660423,2025-03-20T14:17:50.000Z,2025-03-21T06:01:15.919Z,Buy,NPC,npc,0.00001603744884,0.00001488332197,0.013,0.028,0.000012,0.00001523958521,-4.98%
CryptoDona7,https://x.com/CryptoDona7/status/1902724268229566926,2025-03-20T14:09:51.000Z,2025-03-21T06:01:28.485Z,Buy,BTC,bitcoin,86815.44109,84270.84359,92000,95000,80000,86074.25598,-0.85%
CryptoWizardd,https://x.com/DevKhabib/status/1902708910529622025,2025-03-20T13:08:49.000Z,2025-03-21T06:01:48.990Z,Hold,BANANA,banana,0.1338811812,0.1113488364,0.13,0.15,0.1,N/A,N/A
aixbt_agent,https://x.com/aixbt_agent/status/1902935309295473002,2025-03-21T04:08:27.000Z,2025-03-21T06:02:57.312Z,Buy,VVV,venice-token,3.333305612,3.333305612,3.5,4,3.2,3.2,-4.00%
AltcoinSherpa,https://x.com/AltcoinSherpa/status/1902872565271630054,2025-03-20T23:59:07.000Z,2025-03-21T06:03:11.860Z,Buy,BANANA,banana,0.1338811812,0.1113488364,0.13,0.15,0.1,N/A,N/A
TheCryptoKazi,https://x.com/TheCryptoKazi/status/1902867650591527060,2025-03-20T23:39:36.000Z,2025-03-21T06:03:29.435Z,Buy,DIONE,dione,0.002731388903,0.00248172313,0.005,0.008,0.002,0.003676894267,34.62%
TheCryptoKazi,https://x.com/TheCryptoKazi/status/1902867650591527060,2025-03-20T23:39:36.000Z,2025-03-21T06:03:41.951Z,Hold,HTR,hathor,0.0246443725,0.02382494169,0.0302,0.0349,0.01969,0.02419724862,-1.81%
TheCryptoKazi,https://x.com/TheCryptoKazi/status/1902867650591527060,2025-03-20T23:39:36.000Z,2025-03-21T06:03:53.670Z,Buy,KDA,kadena,0.4962519427,0.4759319402,0.5,0.6,0.45,0.4898790039,-1.28%
dippy_eth,https://x.com/dippy_eth/status/1902824751774486788,2025-03-20T20:49:08.000Z,2025-03-21T06:04:18.283Z,Hold,BID,bidao,0.0003657909602,0.000352080173,0.0004,0.00045,0.0003,0.0003564926131,-2.54%
dippy_eth,https://x.com/dippy_eth/status/1902824751774486788,2025-03-20T20:49:08.000Z,2025-03-21T06:04:31.393Z,Buy,BID,creatorbid,0.05945384423,0.08413379371,0.1,0.15,0.06,N/A,N/A
Steve_Cryptoo,https://x.com/Steve_Cryptoo/status/1902759837005467831,2025-03-20T16:31:11.000Z,2025-03-21T06:04:48.405Z,Buy,ZIG,zignaly,0.08552368251,0.08181904545,0.085,0.09,0.075,N/A,N/A
Steve_Cryptoo,https://x.com/Steve_Cryptoo/status/1902724285052916028,2025-03-20T14:09:55.000Z,2025-03-21T06:04:57.726Z,Hold,BTC,bitcoin,86815.44109,84270.84359,87305,90792,80065,86074.25598,-0.85%
Steve_Cryptoo,https://x.com/Steve_Cryptoo/status/1902724285052916028,2025-03-20T14:09:55.000Z,2025-03-21T06:05:16.023Z,Buy,XRP,ripple,2.552057249,2.434689125,2.6,2.7,2.25,2.441458486,-4.33%
RiddlerDeFi,https://x.com/RiddlerDeFi/status/1902753161456308486,2025-03-20T16:04:39.000Z,2025-03-21T06:06:10.754Z,Buy,ETH,ethereum,2060.728601,1980.831781,2050,2145,1875,N/A,N/A
RiddlerDeFi,https://x.com/RiddlerDeFi/status/1902736713526682060,2025-03-20T14:59:18.000Z,2025-03-21T06:06:23.171Z,Buy,TWT,trust-wallet-token,0.9087064487,0.8944468495,0.91,0.93,0.87,0.897369304,-1.25%
holdersignals,https://x.com/holdersignals/status/1903006260859154862,2025-03-21T08:50:23.000Z,2025-03-21T09:00:29.181Z,Buy,MLN,melon,9.376329145,9.376329145,10,10.5,8.5,8.5,-9.35%
holdersignals,https://x.com/holdersignals/status/1903002656811126826,2025-03-21T08:36:04.000Z,2025-03-21T09:00:39.705Z,Buy,MLN,melon,9.376329145,9.376329145,11,15,8.5,8.5,-9.35%
holdersignals,https://x.com/holdersignals/status/1902999366824235056,2025-03-21T08:22:59.000Z,2025-03-21T09:00:53.551Z,Buy,MLN,melon,9.376329145,9.376329145,9.75,10.5,8.95,8.95,-4.55%
holdersignals,https://x.com/holdersignals/status/1902999366824235056,2025-03-21T08:22:59.000Z,2025-03-21T09:01:11.069Z,Buy,FARM,farm,0.00005463197335,0.00005463197335,0.0001,0.00015,0.00004,0.00005506607842,0.79%
holdersignals,https://x.com/holdersignals/status/1902964179235127646,2025-03-21T06:03:10.000Z,2025-03-21T09:01:24.220Z,Buy,DATA,data-bot,0.0009666273218,0.0009666273218,0.001063,0.00116,0.000918,0.001012684645,4.76%
CryptoGemRnld,https://x.com/CryptoGemRnld/status/1903105457016947071,2025-03-21T15:24:33.000Z,2025-03-21T18:00:14.042Z,Buy,TRISIG,tri-sigma,0.00412917767,0.00412917767,0.005,0.006,0.0038,0.0038,-7.97%
CryptoGemRnld,https://x.com/CryptoGemRnld/status/1903105457016947071,2025-03-21T15:24:33.000Z,2025-03-21T18:00:27.408Z,Buy,FTON,fanton-token,0.001083440392,0.001083440392,0.00119,0.0013,0.0009,0.0009,-16.93%
CryptoGemRnld,https://x.com/CryptoGemRnld/status/1903105457016947071,2025-03-21T15:24:33.000Z,2025-03-21T18:00:36.466Z,Hold,WSDM,wisdomise,0.004801008796,0.004801008796,0.0055,0.0068,0.0043,0.004811145591,0.21%
KAPOTHEGOAT01,https://x.com/KAPOTHEGOAT01/status/1903083547180564611,2025-03-21T13:57:29.000Z,2025-03-21T18:00:58.677Z,Buy,ANKR,ankr,0.01797167258,0.01797167258,0.02,0.025,0.015,0.01771103687,-1.45%
CryptoSlate,https://x.com/CryptoSlate/status/1903131579628786038,2025-03-21T17:08:21.000Z,2025-03-21T18:01:15.622Z,Buy,TORN,tornado-cash,8.36585413,8.36585413,9.77,10.5,7.5,11.91970197,42.48%
CryptoSlate,https://x.com/CryptoSlate/status/1903123411976556575,2025-03-21T16:35:54.000Z,2025-03-21T18:01:27.161Z,Hold,ORCA,orca,1.559389288,1.559389288,2,2.5,1.3,2.845788373,82.49%
CryptoSlate,https://x.com/CryptoSlate/status/1903123411976556575,2025-03-21T16:35:54.000Z,2025-03-21T18:01:36.125Z,Buy,ZRO,layerzero,2.638073278,2.638073278,2.75,2.88,2.5,2.877190067,9.06%
CryptoSlate,https://x.com/CryptoSlate/status/1903123411976556575,2025-03-21T16:35:54.000Z,2025-03-21T18:01:47.195Z,Hold,ACH,alchemy-pay,0.02430073422,0.02430073422,0.026,0.028,0.022,0.02628642994,8.17%
CryptoSlate,https://x.com/CryptoSlate/status/1903096761373397312,2025-03-21T14:50:00.000Z,2025-03-21T18:02:00.332Z,Hold,BTC,bitcoin,84270.84359,84270.84359,86000,88960,80065,86074.25598,2.14%
holdersignals,https://x.com/holdersignals/status/1903106761743274035,2025-03-21T15:29:44.000Z,2025-03-21T18:02:16.664Z,Buy,DEGO,dego-finance,1.858345857,1.858345857,1.945,2,1.75,1.892264387,1.83%
aixbt_agent,https://x.com/aixbt_agent/status/1903124528391393499,2025-03-21T16:40:20.000Z,2025-03-21T18:02:48.071Z,Buy,PENGU,penguiana,0.0001530324425,0.0001530324425,0.007,0.0093,0.0055,N/A,N/A
aixbt_agent,https://x.com/aixbt_agent/status/1903124528391393499,2025-03-21T16:40:20.000Z,2025-03-21T18:03:01.819Z,Buy,PENGU,pudgy-penguins,0.006445173591,0.006445173591,0.0071,0.0095,0.005,0.006277785053,-2.60%
CryptoReviewing,https://x.com/CryptoReviewing/status/1903116142543012088,2025-03-21T16:07:01.000Z,2025-03-21T18:03:16.435Z,Buy,RENDER,render-token,3.326048138,3.326048138,3.64,4.23,3.07,3.463520794,4.13%
AltcoinSherpa,https://x.com/AltcoinSherpa/status/1903124620166697411,2025-03-21T16:40:42.000Z,2025-03-21T18:03:30.288Z,Hold,BTC,bitcoin,84270.84359,84270.84359,88000,90000,80000,86074.25598,2.14%
AltcoinSherpa,https://x.com/AltcoinSherpa/status/1903105950472396993,2025-03-21T15:26:31.000Z,2025-03-21T18:03:42.459Z,Hold,LAYER,solayer,1.073804225,1.073804225,1,0.95,1.1,N/A,N/A
AltcoinSherpa,https://x.com/AltcoinSherpa/status/1903105950472396993,2025-03-21T15:26:31.000Z,2025-03-21T18:03:54.163Z,Hold,LAYER,unilayer,0.02228651672,0.02228651672,0.022286,0.022286,0.0223,N/A,N/A
AltcoinSherpa,https://x.com/AltcoinSherpa/status/1903104403571150865,2025-03-21T15:20:22.000Z,2025-03-21T18:04:06.314Z,Buy,IP,story-2,5.506263971,5.506263971,5.75,6.02,5.25,5.25,-4.65%
AltcoinSherpa,https://x.com/AltcoinSherpa/status/1903104403571150865,2025-03-21T15:20:22.000Z,2025-03-21T18:04:17.041Z,Hold,BERA,berachain-bera,6.06503348,6.06503348,6.3,6.5,5.85,6.763209781,11.51%
TheCryptoKazi,https://x.com/TheCryptoKazi/status/1903105969074115029,2025-03-21T15:26:35.000Z,2025-03-21T18:04:36.923Z,Buy,LENS,social-lens-ai,0,0,1.53E-15,1.80E-15,1.20E-15,N/A,N/A
dippy_eth,https://x.com/dippy_eth/status/1903100977248399429,2025-03-21T15:06:45.000Z,2025-03-21T18:04:52.146Z,Buy,SPX,spx6900,0.4397519928,0.4397519928,0.68,1,0.4,0.5276260496,19.98%
Steve_Cryptoo,https://x.com/Steve_Cryptoo/status/1903092776620683766,2025-03-21T14:34:10.000Z,2025-03-21T18:05:21.868Z,Buy,ALGO,algorand,0.1953308921,0.1953308921,0.198,0.208,0.185,0.191982634,-1.71%
RiddlerDeFi,https://x.com/RiddlerDeFi/status/1903051575486189803,2025-03-21T11:50:27.000Z,2025-03-21T18:05:41.289Z,Buy,HYPE,hyperblast,0.003848626106,0.003848626106,0.005,0.007,0.003,0.003826753891,-0.57%
RiddlerDeFi,https://x.com/RiddlerDeFi/status/1903051575486189803,2025-03-21T11:50:27.000Z,2025-03-21T18:05:51.388Z,Buy,HYPE,hyperliquid,14.19887123,14.19887123,15.36,20,12.89,15.56412916,9.62%
RiddlerDeFi,https://x.com/RiddlerDeFi/status/1903051575486189803,2025-03-21T11:50:27.000Z,2025-03-21T18:06:01.753Z,Buy,HYPE,hyperbolic-protocol,0.003825366971,0.003825366971,0.0065,0.0098,0.0027,0.003923961485,2.58%
RiddlerDeFi,https://x.com/RiddlerDeFi/status/1903051575486189803,2025-03-21T11:50:27.000Z,2025-03-21T18:06:16.127Z,Buy,HYPE,superrarebears-hype,2.03E-07,2.03E-07,2.50E-07,3.00E-07,1.50E-07,2.02E-07,-0.75%
RiddlerDeFi,https://x.com/RiddlerDeFi/status/1903051575486189803,2025-03-21T11:50:27.000Z,2025-03-21T18:06:31.346Z,Buy,S,s,0,0,0.5,1,0.1,N/A,N/A
RiddlerDeFi,https://x.com/RiddlerDeFi/status/1903051575486189803,2025-03-21T11:50:27.000Z,2025-03-21T18:06:42.102Z,Buy,S,agent-s,0.0002718767408,0.0002718767408,0.00035,0.00045,0.00024,0.00024,-11.72%
RiddlerDeFi,https://x.com/RiddlerDeFi/status/1903051575486189803,2025-03-21T11:50:27.000Z,2025-03-21T18:06:53.015Z,Buy,S,sonic-3,0.5113789479,0.5113789479,0.61,0.7,0.43,0.5411985437,5.83%
RiddlerDeFi,https://x.com/RiddlerDeFi/status/1903051575486189803,2025-03-21T11:50:27.000Z,2025-03-21T18:07:07.467Z,Hold,S,soperme,0,0,0,0,,N/A,N/A
RiddlerDeFi,https://x.com/WatcherGuru/status/1902808173745963256,2025-03-20T19:43:15.000Z,2025-03-21T18:07:16.546Z,Buy,BTC,bitcoin,86815.44109,84270.84359,85000,87500,83000,N/A,N/A
holdersignals,https://x.com/holdersignals/status/1903181892637340070,2025-03-21T20:28:17.000Z,2025-03-22T06:00:23.025Z,Buy,AUCTION,auction,45.64267048,52.12864756,54,56.5,48.4,N/A,N/A
aixbt_agent,https://x.com/aixbt_agent/status/1903312754343285218,2025-03-22T05:08:17.000Z,2025-03-22T06:00:42.299Z,Buy,AAVE,aave,177.9710105,177.9710105,200,240,155,185.1062179,4.01%
CryptoReviewing,https://x.com/CryptoReviewing/status/1903144087760367843,2025-03-21T17:58:03.000Z,2025-03-22T06:01:01.932Z,Buy,JASMY,jasmycoin,0.01369793054,0.01251722228,0.014,0.015,0.012,0.01228654296,-10.30%
TheCryptoKazi,https://x.com/TheCryptoKazi/status/1903172302549946645,2025-03-21T19:50:10.000Z,2025-03-22T06:01:16.496Z,Buy,LENS,social-lens-ai,0,0,7.8,10,1.2,N/A,N/A
TheCryptoKazi,https://x.com/TheCryptoKazi/status/1903172302549946645,2025-03-21T19:50:10.000Z,2025-03-22T06:01:27.523Z,Buy,AKA,she-rises,0.001430510741,0.001470301822,0.007,0.01,0.0013,0.001522542941,6.43%
RiddlerDeFi,https://x.com/RiddlerDeFi/status/1903143407268331737,2025-03-21T17:55:21.000Z,2025-03-22T06:01:48.004Z,Buy,NIL,nillion,0,0,1.5,2,0.5,N/A,N/A
aixbt_agent,https://x.com/aixbt_agent/status/1903373203793437103,2025-03-22T09:08:29.000Z,2025-03-22T12:00:28.965Z,Hold,CRV,curve-dao-token,0.438977356,0.438977356,0.52,0.58,0.38,0.5040939383,14.83%
cryptoo_doctor,https://x.com/cryptocevo/status/1903387204195377209,2025-03-22T10:04:07.000Z,2025-03-22T12:00:51.431Z,Buy,BTC,bitcoin,84009.53292,84009.53292,85500,88500,80000,86074.25598,2.46%
cryptostasher,https://x.com/cryptostasher/status/1903490587812143530,2025-03-22T16:54:55.000Z,2025-03-22T21:00:12.810Z,Buy,ZIG,zignaly,0.08086434677,0.08086434677,0.15,0.2,0.07,0.08388545004,3.74%
CryptoGemRnld,https://x.com/CryptoGemRnld/status/1903502709183201455,2025-03-22T17:43:05.000Z,2025-03-22T21:00:26.720Z,Buy,ZIG,zignaly,0.08086434677,0.08086434677,0.1,0.12,0.07,0.08388545004,3.74%
CryptoGemRnld,https://x.com/CryptoGemRnld/status/1903413125296349321,2025-03-22T11:47:07.000Z,2025-03-22T21:00:36.873Z,Buy,LNQ,linqai,0.03220138567,0.03220138567,0.035,0.04,0.03,0.03280738225,1.88%
CryptoSlate,https://x.com/CryptoSlate/status/1903484753883328718,2025-03-22T16:31:45.000Z,2025-03-22T21:00:53.177Z,Hold,BTC,bitcoin,84009.53292,84009.53292,91000,108000,72000,86074.25598,2.46%
holdersignals,https://x.com/holdersignals/status/1903402288192061465,2025-03-22T11:04:03.000Z,2025-03-22T21:01:05.180Z,Buy,SLF,self-chain,0.2776523912,0.2776523912,0.35,0.55,0.22,0.255321155,-8.04%
CryptoDona7,https://x.com/CryptoDona7/status/1903494862290219311,2025-03-22T17:11:55.000Z,2025-03-22T21:01:28.637Z,Buy,BANANA,banana,0.1153486798,0.1153486798,40,45,0.1,0.1158541161,0.44%
CryptoWizardd,https://x.com/cryptostasher/status/1903490587812143530,2025-03-22T16:54:55.000Z,2025-03-22T21:01:43.208Z,Buy,ZIG,zignaly,0.08086434677,0.08086434677,0.12,0.15,0.073,0.08388545004,3.74%
CryptoWizardd,https://x.com/Alek_Carter/status/1903247733009367501,2025-03-22T00:49:54.000Z,2025-03-22T21:02:00.734Z,Buy,ZIG,zignaly,0.08086434677,0.08086434677,0.12,0.2,0.07,0.08388545004,3.74%
aixbt_agent,https://x.com/aixbt_agent/status/1903486920971501993,2025-03-22T16:40:21.000Z,2025-03-22T21:02:14.283Z,Buy,HYPE,hyperliquid,15.81547314,15.81547314,16.5,18.5,14.5,16.33153178,3.26%
CryptoReviewing,https://x.com/CryptoReviewing/status/1903502861473857880,2025-03-22T17:43:42.000Z,2025-03-22T21:02:28.877Z,Buy,INJ,injective-protocol,9.676051345,9.676051345,10.8,13.5,9.5,9.942313642,2.75%
TheCryptoKazi,https://x.com/TheCryptoKazi/status/1903472844048060727,2025-03-22T15:44:25.000Z,2025-03-22T21:02:43.359Z,Buy,DIONE,dione,0.002610632945,0.002610632945,0.0035,0.005,0.002,0.003676894267,40.84%
Steve_Cryptoo,https://x.com/Steve_Cryptoo/status/1903461400439107902,2025-03-22T14:58:57.000Z,2025-03-22T21:02:56.235Z,Buy,ZIG,zignaly,0.08086434677,0.08086434677,0.097,0.121,0.075,0.08388545004,3.74%
holdersignals,https://x.com/CryptoGodJohn/status/1903528680418165240,2025-03-22T19:26:17.000Z,2025-03-23T06:00:19.413Z,Buy,DSYNC,destra-network,0.1386237889,0.1470304936,0.1617,0.169,0.135,0.1487250912,7.29%
holdersignals,https://x.com/holdersignals/status/1903514626354303281,2025-03-22T18:30:27.000Z,2025-03-23T06:00:32.095Z,Buy,VANA,vana,7.631598801,7.400969642,8.5,10,6.66,7.285994345,-4.53%
holdersignals,https://x.com/holdersignals/status/1903514626354303281,2025-03-22T18:30:27.000Z,2025-03-23T06:00:44.953Z,Sell,AUCTION,auction,52.12864756,32.11378022,30,28.5,35,N/A,N/A
CryptoWizardd,https://x.com/CryptoWizardd/status/1903625422429970859,2025-03-23T01:50:43.000Z,2025-03-23T06:01:05.783Z,Buy,DOGE,dogecoin,0.1672124068,0.1672124068,0.22,0.43,0.15,0.1722179325,2.99%
aixbt_agent,https://x.com/aixbt_agent/status/1903660090798043407,2025-03-23T04:08:28.000Z,2025-03-23T06:01:18.781Z,Sell,AUCTION,auction,32.11378022,32.11378022,29,25,35,N/A,N/A
aixbt_agent,https://x.com/aixbt_agent/status/1903660091565600911,2025-03-23T04:08:28.000Z,2025-03-23T06:01:27.800Z,Sell,AUCTION,auction,32.11378022,32.11378022,30,28,34,N/A,N/A
aixbt_agent,https://x.com/aixbt_agent/status/1903660092396118440,2025-03-23T04:08:28.000Z,2025-03-23T06:01:36.884Z,Sell,AUCTION,auction,32.11378022,32.11378022,28.5,25.75,34.4,N/A,N/A
aixbt_agent,https://x.com/aixbt_agent/status/1903644982055166059,2025-03-23T03:08:26.000Z,2025-03-23T06:01:48.163Z,Buy,AAVE,aave,179.7787948,179.7787948,190,200,170,185.1062179,2.96%
cryptoo_doctor,https://x.com/cryptoo_doctor/status/1903516584439693512,2025-03-22T18:38:14.000Z,2025-03-23T06:02:14.644Z,Hold,NPC,npc,0.00001597466179,0.00001471884433,0.00001597,0.00001722,0.00001412,N/A,N/A
cryptoo_doctor,https://x.com/cryptoo_doctor/status/1903516584439693512,2025-03-22T18:38:14.000Z,2025-03-23T06:02:25.407Z,Buy,NPC,non-playable-coin,0.009413849201,0.01042584861,0.0124,0.0165,0.0094,0.01233247543,31.00%
holdersignals,https://x.com/holdersignals/status/1903755060435186122,2025-03-23T10:25:51.000Z,2025-03-23T15:00:21.139Z,Buy,VANA,vana,7.400969642,7.400969642,10.48,14.55,6.59,7.285994345,-1.55%
aixbt_agent,https://x.com/aixbt_agent/status/1903781017539973560,2025-03-23T12:08:59.000Z,2025-03-23T15:00:41.749Z,Buy,PENDLE,pendle,2.629899004,2.629899004,3.72,5,2.3,2.680187509,1.91%
aixbt_agent,https://x.com/aixbt_agent/status/1903765741964566923,2025-03-23T11:08:17.000Z,2025-03-23T15:00:55.303Z,Buy,IMX,immutable-x,0.6012612365,0.6012612365,0.65,0.7,0.55,0.5837690019,-2.91%
AltcoinSherpa,https://x.com/AltcoinSherpa/status/1903783706411651475,2025-03-23T12:19:40.000Z,2025-03-23T15:01:18.109Z,Buy,S,s,0,0,0,0,,N/A,N/A
AltcoinSherpa,https://x.com/AltcoinSherpa/status/1903778348943233065,2025-03-23T11:58:23.000Z,2025-03-23T15:01:31.804Z,Hold,BTC,bitcoin,83793.30854,83793.30854,85000,88000,74000,86074.25598,2.72%
dippy_eth,https://x.com/dippy_eth/status/1903742449853370768,2025-03-23T09:35:44.000Z,2025-03-23T15:01:51.416Z,Buy,CLIZA,cliza,0.004718336871,0.004718336871,0.0185,0.074,0.0037,0.004117742555,-12.73%
BenjiGanar,https://x.com/BenjiGanar/status/1903777411398828231,2025-03-23T11:54:40.000Z,2025-03-23T15:02:10.159Z,Buy,FARTCOIN,fartcoin,0.441854593,0.441854593,0.486,0.53,0.4,0.5510205976,24.71%
BenjiGanar,https://x.com/BenjiGanar/status/1903777411398828231,2025-03-23T11:54:40.000Z,2025-03-23T15:02:18.532Z,Hold,VIRTUAL,virtual-protocol,0.7203847052,0.7203847052,0.75,0.78,0.65,0.7765633404,7.80%
cryptoo_doctor,https://x.com/cryptoo_doctor/status/1903771013847896473,2025-03-23T11:29:14.000Z,2025-03-23T15:02:41.597Z,Buy,NPC,npc,0.00001471884433,0.00001471884433,0.000015,0.0001,0.000014,0.00001523958521,3.54%